748919,https://m.media-amazon.com/images/I/61I9XdN6OFL.jpg
916768,https://m.media-amazon.com/images/I/71gSRbyXmoL.jpg
459516,https://m.media-amazon.com/images/I/61BZ4zrjZXL.jpg
459516,https://m.media-amazon.com/images/I/612mrlqiI4L.jpg
731432,https://m.media-amazon.com/images/I/617Tl40LOXL.jpg
731432,https://m.media-amazon.com/images/I/61QsBSE7jgL.jpg
731432,https://m.media-amazon.com/images/I/81xsq6vf2qL.jpg
731432,https://m.media-amazon.com/images/I/71DiLRHeZdL.jpg
731432,https://m.media-amazon.com/images/I/91Cma3RzseL.jpg
731432,https://m.media-amazon.com/images/I/71jBLhmTNlL.jpg
149159,https://m.media-amazon.com/images/I/81N73b5khVL.jpg
308856,https://m.media-amazon.com/images/I/61oMj2iXOuL.jpg
281678,https://m.media-amazon.com/images/I/91LPf6OjV9L.jpg
281678,https://m.media-amazon.com/images/I/81fOxWWWKYL.jpg
281678,https://m.media-amazon.com/images/I/81dzao1Ob4L.jpg
281678,https://m.media-amazon.com/images/I/91-iahVGEDL.jpg
731432,https://m.media-amazon.com/images/I/81S2+GnYpTL.jpg
731432,https://m.media-amazon.com/images/I/81e2YtCOKvL.jpg
731432,https://m.media-amazon.com/images/I/81RNsNEM1EL.jpg
731432,https://m.media-amazon.com/images/I/91prZeizZnL.jpg
731432,https://m.media-amazon.com/images/I/31EvJszFVfL.jpg
252585,https://m.media-amazon.com/images/I/61wzlucTREL.jpg
299791,https://m.media-amazon.com/images/I/61sQ+qAKr4L.jpg
884560,https://m.media-amazon.com/images/I/81x77l2T5NL.jpg
179080,https://m.media-amazon.com/images/I/71nywfWZUwL.jpg
866516,https://m.media-amazon.com/images/I/51WsuKKAVrL.jpg
866516,https://m.media-amazon.com/images/I/61XGDKap+JL.jpg
459516,https://m.media-amazon.com/images/I/715vVcWJxGL.jpg
524635,https://m.media-amazon.com/images/I/613v+2W4UwL.jpg
524635,https://m.media-amazon.com/images/I/71+fn9TWQmL.jpg
524635,https://m.media-amazon.com/images/I/71aKgRRQ2wL.jpg
524635,https://m.media-amazon.com/images/I/71rKXZJrh4L.jpg
524635,https://m.media-amazon.com/images/I/71D824lbRvL.jpg
730429,https://m.media-amazon.com/images/I/71004c9tzfL.jpg
881883,https://m.media-amazon.com/images/I/51bQPPtMqYL.jpg
179080,https://m.media-amazon.com/images/I/61o2ntPNNgL.jpg
601746,https://m.media-amazon.com/images/I/71IUuTJ8QwL.jpg
487566,https://m.media-amazon.com/images/I/915JHkwtcrL.jpg
